"","n","norm","unif"
"1",1000,-1.02577318460705,0.601772253867239
"2",1000,0.174378668381419,0.62526590959169
"3",1000,-0.658670900372124,0.00336283259093761
"4",1000,0.753196651470756,0.210245238849893
"5",1000,0.251967075829039,0.847103944979608
"6",1000,-0.160546961964229,0.343327926238999
"7",1000,0.12339173479856,0.508232249645516
"8",1000,-1.63859381319542,0.373554798541591
"9",1000,-1.45546909263909,0.467437346698716
"10",1000,1.17244392202336,0.108043993124738
"11",1000,0.360495345482471,0.192675789818168
"12",1000,-0.55009987248817,0.85465907305479
"13",1000,1.60258074458035,0.228867166442797
"14",1000,0.618556780726822,0.17954920954071
"15",1000,0.202065022882997,0.13169757486321
"16",1000,-0.114226945046444,0.479199682129547
"17",1000,-1.23783199778799,0.948458394268528
"18",1000,-0.195117030791041,0.383990160189569
"19",1000,1.70339511891128,0.147818761179224
"20",1000,0.293678222405483,0.330489081563428
"21",1000,-0.782752733754371,0.267268535448238
"22",1000,0.00162000000484113,0.41914927912876
"23",1000,-1.14856366365344,0.536548286210746
"24",1000,-0.25586401590603,0.722701451508328
"25",1000,-0.199063931221111,0.958255642326549
"26",1000,-0.406719437915484,0.81460785260424
"27",1000,2.02569622609461,0.404697154881433
"28",1000,1.13882287467324,0.784957226365805
"29",1000,0.603081736893912,0.0449508123565465
"30",1000,-0.378869900989031,0.236346123274416
"31",1000,-1.72314121406199,0.793118846602738
"32",1000,-2.16839419926843,0.656573735643178
"33",1000,0.592108184768603,0.286869434639812
"34",1000,0.253416309102094,0.172526347916573
"35",1000,-0.795073069842508,0.721449018456042
"36",1000,-1.07919175023865,0.820199711481109
"37",1000,-0.76462465429786,0.388302262872458
"38",1000,1.45725076936486,0.871766120893881
"39",1000,0.565892613645189,0.0545940180309117
"40",1000,-0.866406263402011,0.64691855898127
"41",1000,0.130280482890978,0.254208889091387
"42",1000,0.182504139183716,0.228968234267086
"43",1000,-0.603146410707274,0.930872158613056
"44",1000,1.69428697011511,0.542858169646934
"45",1000,-0.893986065784071,0.464093926595524
"46",1000,0.0341776852891125,0.0571489667054266
"47",1000,0.58447238060386,0.00609022122807801
"48",1000,-1.00192815974085,0.819251026026905
"49",1000,0.240809998055527,0.318964905105531
"50",1000,1.1227841780601,0.965606678510085
"51",1000,-1.00919477731192,0.910385898780078
"52",1000,-0.383456957794445,0.498681050725281
"53",1000,-0.403451677992754,0.393636091379449
"54",1000,0.90173631226362,0.103186990134418
"55",1000,0.568632088363335,0.142847879556939
"56",1000,-0.821719234613752,0.669699736405164
"57",1000,-0.382046745543434,0.688665973953903
"58",1000,-1.15646553198952,0.613091817125678
"59",1000,0.3130610890677,0.0208895965479314
"60",1000,-1.48915859764324,0.773170170839876
"61",1000,-0.883440760414277,0.415517046581954
"62",1000,-0.188300741190756,0.700847079278901
"63",1000,-0.584794345211364,0.663771980907768
"64",1000,0.970687280484922,0.453162014484406
"65",1000,1.58456357048988,0.315647981828079
"66",1000,-0.351616111504303,0.0395934383850545
"67",1000,-1.12691871312058,0.325999586144462
"68",1000,0.650536336530393,0.30837514414452
"69",1000,-1.26279422098337,0.39984726998955
"70",1000,1.11166778603219,0.662263361969963
"71",1000,0.211003319302117,0.0438860198482871
"72",1000,-0.543114568602239,0.962957439245656
"73",1000,0.594096446531741,0.461327593540773
"74",1000,-0.175430328432549,0.635136207798496
"75",1000,-0.0744499807150448,0.848888366483152
"76",1000,1.07919279709047,0.982465674402192
"77",1000,1.03333859246186,0.946180688450113
"78",1000,-0.770456950977845,0.100690918276086
"79",1000,1.67774123643387,0.386836665682495
"80",1000,-1.5004732102037,0.702920244075358
"81",1000,0.89937199399302,0.711426060181111
"82",1000,0.129015665360707,0.964521562680602
"83",1000,-0.264259146882999,0.586447777925059
"84",1000,0.452050444056374,0.361501340987161
"85",1000,-1.3780995926784,0.988353213993832
"86",1000,-0.249470921498789,0.500135954935104
"87",1000,2.25469395132107,0.828411974944174
"88",1000,1.18454534280773,0.0017609023489058
"89",1000,1.12387751556977,0.239654067438096
"90",1000,-1.12935889988159,0.413851734483615
"91",1000,1.29729430032348,0.951602890854701
"92",1000,0.644018054604461,0.40159667422995
"93",1000,0.777137362151795,0.369980558287352
"94",1000,0.568410196036589,0.372623634990305
"95",1000,2.75150038521895,0.952511895215139
"96",1000,1.32849980597818,0.167611068347469
"97",1000,-1.20852441647171,0.901108662365004
"98",1000,-0.466861378761365,0.707599164685234
"99",1000,-0.212583248407963,0.278193542733788
"100",1000,0.462761077540395,0.141224180348217
"101",1000,-0.747718264784104,0.0267282095737755
"102",1000,-0.598675021455714,0.454024350270629
"103",1000,-1.36683638532533,0.766531445318833
"104",1000,-0.267732846985661,0.643826346844435
"105",1000,-0.460465786554503,0.282312833704054
"106",1000,0.673163571458955,0.387571891536936
"107",1000,-1.37971230791704,0.0672505714464933
"108",1000,0.267691025150719,0.517029153648764
"109",1000,0.591269370519491,0.251629097387195
"110",1000,-1.06318633825552,0.409199461806566
"111",1000,-0.421341657676368,0.237546913558617
"112",1000,0.138451388939957,0.188873996958137
"113",1000,0.147608957337201,0.926927688298747
"114",1000,-0.294149148488426,0.807743602897972
"115",1000,1.99476759086352,0.064843904459849
"116",1000,-0.611675950366724,0.23841603170149
"117",1000,-0.515941517495212,0.741022440372035
"118",1000,0.240366157275024,0.367228196933866
"119",1000,-1.1578449106577,0.520859928568825
"120",1000,0.637024413276633,0.9190932540223
"121",1000,0.288104277708004,0.758934428915381
"122",1000,-0.0818995318367724,0.415788805577904
"123",1000,0.172433862778786,0.293458044296131
"124",1000,1.34219395811716,0.640953115653247
"125",1000,0.9968321838527,0.272278140066192
"126",1000,-0.349407517047276,0.905843010405079
"127",1000,0.351206258375344,0.6911984202452
"128",1000,-2.33846651908705,0.529253156390041
"129",1000,1.28815300411148,0.375858684070408
"130",1000,0.348526821224097,0.6879066308029
"131",1000,-0.548573816963014,0.435542398830876
"132",1000,-0.889426767209621,0.256405546795577
"133",1000,-1.15381992187502,0.095509773818776
"134",1000,-0.485096852356503,0.147805530112237
"135",1000,-0.256699549205102,0.904717485886067
"136",1000,0.733726316316292,0.684657333884388
"137",1000,0.780691981211661,0.945242765359581
"138",1000,0.563561444828819,0.815189180197194
"139",1000,-0.846610575130607,0.375705316895619
"140",1000,1.02960202766737,0.575677468674257
"141",1000,0.318561126382089,0.352869549300522
"142",1000,0.568712175769862,0.798941808054224
"143",1000,1.95793756574786,0.99571277317591
"144",1000,1.16264933681159,0.333619141951203
"145",1000,0.522981883483399,0.724504547659308
"146",1000,-1.03339826366683,0.599985016044229
"147",1000,1.75849997929328,0.66153720440343
"148",1000,-0.0382588451846225,0.924053751397878
"149",1000,1.38167184494979,0.415224468801171
"150",1000,-0.0628337149473982,0.69902435853146
"151",1000,-0.279074624075155,0.228276919806376
"152",1000,-1.07937305343671,0.993214850779623
"153",1000,-1.61623657338809,0.57660885876976
"154",1000,1.06527508747142,0.0307899843901396
"155",1000,-1.56582274804988,0.987305589253083
"156",1000,-1.8703451383815,0.832336749648675
"157",1000,2.31773180875391,0.622635326581076
"158",1000,0.596983869647961,0.788013739045709
"159",1000,1.34917027759358,0.9167577882763
"160",1000,1.07132560816394,0.47970497328788
"161",1000,-0.866419624595531,0.234598962357268
"162",1000,-0.549001280211855,0.754103200044483
"163",1000,-1.1062009145272,0.685585938859731
"164",1000,0.633574565514248,0.572786200558767
"165",1000,1.0585978944474,0.0735676437616348
"166",1000,-0.033224312909312,0.892137208487839
"167",1000,-0.323941579240968,0.0272364241536707
"168",1000,-1.08959343599374,0.469661755254492
"169",1000,-0.407842872702862,0.475048635387793
"170",1000,0.831637471575803,0.779773394577205
"171",1000,-0.198703295694997,0.464062853250653
"172",1000,-0.422661785053908,0.386725596617907
"173",1000,0.316098417579364,0.605100025655702
"174",1000,-0.158184402466793,0.697438290109858
"175",1000,0.361576799927125,0.407909758621827
"176",1000,-1.66951596508005,0.381442497018725
"177",1000,-0.0699372809301076,0.756283083697781
"178",1000,-0.727016095585602,0.338795259594917
"179",1000,0.48479479250968,0.0597899509593844
"180",1000,0.71176256564328,0.362849010620266
"181",1000,0.402469780372871,0.185683240182698
"182",1000,2.55695825438732,0.03599988296628
"183",1000,0.577208662039943,0.202474842080846
"184",1000,-2.04757937246562,0.229841201333329
"185",1000,0.650719571526851,0.310515606310219
"186",1000,1.04491452070493,0.896089615300298
"187",1000,0.607884330246825,0.685931464890018
"188",1000,0.119474515984638,0.0823513029608876
"189",1000,-0.747256760781468,0.363867215812206
"190",1000,1.06799173116056,0.664446797920391
"191",1000,1.38245530479913,0.813432249706239
"192",1000,0.359440302743123,0.100464299321175
"193",1000,-0.462894130957087,0.457633992657065
"194",1000,0.457469605916683,0.712424164405093
"195",1000,0.322078293361924,0.443746453383937
"196",1000,-0.338004294679528,0.139282417250797
"197",1000,-1.17769457112282,0.932789433980361
"198",1000,-0.372583249382699,0.911197798093781
"199",1000,0.809804736005856,0.440179481869563
"200",1000,-0.276980455728,0.0545566051732749
"201",1000,-0.941283538434186,0.0481647234410048
"202",1000,-0.0725964407392178,0.420401868177578
"203",1000,0.79370333874817,0.18556292145513
"204",1000,1.00982973759519,0.680973476730287
"205",1000,-0.351601002061266,0.326458780793473
"206",1000,-0.743800346183936,0.587711405241862
"207",1000,-1.39419749199079,0.709927884861827
"208",1000,-0.0894380032932024,0.685816024197266
"209",1000,1.79490674229136,0.860886263195425
"210",1000,0.286042210308233,0.54687746684067
"211",1000,1.61326771976293,0.77868374879472
"212",1000,-0.502823485628952,0.972296990919858
"213",1000,0.499289493090721,0.039077187422663
"214",1000,-0.761094568378732,0.590131992008537
"215",1000,-0.0294482868222847,0.784319612197578
"216",1000,0.731196001813951,0.956731418380514
"217",1000,-1.05506229524119,0.553765912074596
"218",1000,-1.39842557615699,0.221153550082818
"219",1000,0.459262774302765,0.589707557344809
"220",1000,0.786534429555483,0.754212310304865
"221",1000,1.59202267942023,0.528770733159035
"222",1000,1.18389307037522,0.684276313753799
"223",1000,-0.378783757100362,0.548882899573073
"224",1000,0.694325023645142,0.0982848380226642
"225",1000,-1.15297103995746,0.468527189921588
"226",1000,1.10851540785923,0.97757326066494
"227",1000,-0.322712945363936,0.606613612035289
"228",1000,-0.0796534191545478,0.247327416203916
"229",1000,1.86400009780981,0.254003165755421
"230",1000,-0.445595176091208,0.00432938290759921
"231",1000,-0.290508093391368,0.952200004365295
"232",1000,-1.2321233083612,0.259156617103145
"233",1000,-2.15477204521925,0.814589361893013
"234",1000,0.0402293953023595,0.567299788119271
"235",1000,-0.0156597885381092,0.170943685574457
"236",1000,0.441090973967536,0.410477299941704
"237",1000,1.0959383747614,0.280069600325078
"238",1000,1.25087871569923,0.334245363250375
"239",1000,-1.75021681032266,0.217803242849186
"240",1000,-0.0235920549830306,0.479170600185171
"241",1000,1.40846481082899,0.964193504769355
"242",1000,-0.0691238254086761,0.141416085883975
"243",1000,0.9940473385917,0.420962434960529
"244",1000,0.17329813114712,0.0755499633960426
"245",1000,-1.03563768863154,0.274891563458368
"246",1000,-0.286119223180451,0.339042035629973
"247",1000,1.15629107141795,0.458735940279439
"248",1000,1.62203286919325,0.819888679776341
"249",1000,-0.11586483529379,0.752194290282205
"250",1000,-1.45757829908987,0.743672772077844
"251",1000,-1.47705062629212,0.975324102677405
"252",1000,0.411739033257144,0.0605196987744421
"253",1000,1.07752809786301,0.802978852530941
"254",1000,0.680798584889151,0.370707408292219
"255",1000,-1.22697207300747,0.828432148089632
"256",1000,1.96138865556176,0.302793892798945
"257",1000,-1.13168063085598,0.201164965284988
"258",1000,-0.0887729929801621,0.633295970968902
"259",1000,-0.144887481260596,0.105562083655968
"260",1000,1.80302955118882,0.794803401455283
"261",1000,2.59880303046912,0.969926070421934
"262",1000,0.931801727549591,0.0310212443582714
"263",1000,-1.61322014265803,0.898816485889256
"264",1000,-0.741767668715231,0.835987674770877
"265",1000,0.130222329656168,0.204140744172037
"266",1000,0.0426757707774329,0.978716150159016
"267",1000,0.808439341615555,0.455982137704268
"268",1000,0.406883026961425,0.35230108583346
"269",1000,-0.546897680381678,0.40009618899785
"270",1000,-1.27835762986444,0.772418555570766
"271",1000,1.74576201207807,0.378758862847462
"272",1000,-1.1356364273063,0.317381934728473
"273",1000,1.92588658011099,0.354647148633376
"274",1000,0.742973260065411,0.352374655660242
"275",1000,0.10683807363008,0.690537482500076
"276",1000,-0.491392154731966,0.183542548213154
"277",1000,-0.205884694934738,0.0965676177293062
"278",1000,-0.147962534789406,0.086613776627928
"279",1000,-1.17059689462555,0.240648991893977
"280",1000,0.549319208056651,0.932361071696505
"281",1000,0.832579672184606,0.387806843966246
"282",1000,0.340906854070223,0.271015449659899
"283",1000,0.776798286272046,0.743668609764427
"284",1000,1.04456162651646,0.753343772608787
"285",1000,0.932829351204706,0.951147809391841
"286",1000,-0.507765209283918,0.00928596104495227
"287",1000,-0.961216599532722,0.440445741405711
"288",1000,-0.356969476974207,0.940804653335363
"289",1000,0.0850333743941804,0.918534042779356
"290",1000,-1.55162018408837,0.340187032707036
"291",1000,-0.920004035377624,0.296079280087724
"292",1000,-1.60786392840009,0.287358807399869
"293",1000,0.227384250311602,0.752774860244244
"294",1000,0.817953131966292,0.674406219972298
"295",1000,1.05874517292763,0.646416029427201
"296",1000,-0.00786986377830389,0.132660244358703
"297",1000,0.327257963716253,0.89510512794368
"298",1000,0.819359945432659,0.149183745263144
"299",1000,0.151616543407312,0.635050298180431
"300",1000,0.689317893024721,0.265957377618179
"301",1000,0.461145954252169,0.590832710498944
"302",1000,0.016378390134941,0.665073656709865
"303",1000,-0.825562535216561,0.64575294777751
"304",1000,1.10372015095271,0.13829697179608
"305",1000,-0.868352936890457,0.765290359267965
"306",1000,0.409619623322519,0.565969250630587
"307",1000,0.484827277220761,0.811859243083745
"308",1000,0.593126562551351,0.339167376514524
"309",1000,0.113159344725673,0.178938285447657
"310",1000,0.661141373913092,0.155819726875052
"311",1000,-1.14676027091637,0.690367196453735
"312",1000,1.06033207558568,0.0487285004928708
"313",1000,0.670956913107578,0.285677871434018
"314",1000,0.611908419752676,0.0338011679705232
"315",1000,-0.0491451024645746,0.292655266122892
"316",1000,0.799759254768327,0.4938237760216
"317",1000,1.34050591478876,0.815769718028605
"318",1000,0.423319708171807,0.600201804656535
"319",1000,0.62190798116972,0.0898376342374831
"320",1000,0.47015928239218,0.126625574659556
"321",1000,-1.77888755748713,0.0397247667424381
"322",1000,0.272062579721353,0.287053764797747
"323",1000,-0.0036678426168362,0.120034900028259
"324",1000,-0.336622006598751,0.46161061571911
"325",1000,-0.211884458685258,0.963593468768522
"326",1000,-0.447311401614843,0.156084401533008
"327",1000,1.66897408510935,0.815445008222014
"328",1000,0.191151835590134,0.642685053637251
"329",1000,0.287174377829633,0.479447989491746
"330",1000,-0.864903648171412,0.228087458526716
"331",1000,0.602274357312538,0.577913938323036
"332",1000,-0.398633847145425,0.794262529816478
"333",1000,0.692431697913735,0.134867316111922
"334",1000,0.562051753120347,0.651336434995756
"335",1000,-0.732683788089795,0.870199407450855
"336",1000,-1.63661075577521,0.446990002179518
"337",1000,0.090870916140233,0.839239498600364
"338",1000,-0.4018103050855,0.882338896393776
"339",1000,-2.2825526994949,0.269947730237618
"340",1000,-1.83415305745144,0.819478700403124
"341",1000,-0.140577441528147,0.822432513115928
"342",1000,-1.02756401894558,0.938773939618841
"343",1000,0.210761320891904,0.481799526372924
"344",1000,1.56149651731278,0.596001877915114
"345",1000,1.32474177283517,0.942562098382041
"346",1000,0.0243533146603134,0.738537946715951
"347",1000,0.430503369241338,0.0248302919790149
"348",1000,-0.0212519714138979,0.334560253890231
"349",1000,0.266178863996471,0.694734832039103
"350",1000,-1.19413587574977,0.232504468178377
"351",1000,-0.177033226412156,0.631732415640727
"352",1000,0.0507540579794074,0.508052493212745
"353",1000,-1.23690180637544,0.369302807608619
"354",1000,1.34704562449971,0.0827566722873598
"355",1000,-0.878413133553556,0.396935663418844
"356",1000,0.525850758022323,0.41614494821988
"357",1000,2.13435264518006,0.2783920369111
"358",1000,1.51754582228421,0.37455243896693
"359",1000,0.69343359921687,0.536839196458459
"360",1000,-0.343422514100829,0.128733900608495
"361",1000,0.0843929349894625,0.758526922436431
"362",1000,-1.05093029034063,0.737694214098155
"363",1000,1.23662587687728,0.433409977471456
"364",1000,0.650586895893327,0.298616705462337
"365",1000,0.540344035926434,0.820502843242139
"366",1000,-0.773530727173695,0.974044131115079
"367",1000,-0.488616354788113,0.651338000781834
"368",1000,0.903986038929006,0.635715518146753
"369",1000,0.0191582231429224,0.438939442625269
"370",1000,-0.132448873836806,0.948407034855336
"371",1000,-0.245717212629486,0.932323440909386
"372",1000,0.31901011465132,0.226378904422745
"373",1000,0.7414253534039,0.536011669784784
"374",1000,0.785731824594107,0.564119641436264
"375",1000,-0.110626056722989,0.201338280458003
"376",1000,1.01818995446652,0.589134092675522
"377",1000,1.64568531047176,0.427968237316236
"378",1000,1.27288733126331,0.676863869186491
"379",1000,-1.78976426155039,0.00440322188660502
"380",1000,-0.929976949737392,0.188944426365197
"381",1000,-0.611894626133542,0.434093300485983
"382",1000,-0.498489618170742,0.0508168609812856
"383",1000,0.452094298560678,0.347279210574925
"384",1000,0.597128099062242,0.443822286091745
"385",1000,0.699388355561412,0.286384044680744
"386",1000,0.0888290127135817,0.785884044831619
"387",1000,0.159857699894494,0.619734625099227
"388",1000,0.73393545266364,0.196846054634079
"389",1000,-0.400388870283011,0.805945030180737
"390",1000,-1.81085084662391,0.579323421698064
"391",1000,1.05205853329299,0.663210459984839
"392",1000,0.49716718209045,0.398222530493513
"393",1000,-1.52748704307665,0.388595403637737
"394",1000,-2.1106199905838,0.677138874074444
"395",1000,1.30379362105105,0.447585290065035
"396",1000,-0.56636269462155,0.84742452413775
"397",1000,0.483341320458251,0.0245640135835856
"398",1000,0.459599117217682,0.0884869215078652
"399",1000,-1.33594081415592,0.273257532157004
"400",1000,-0.524458215467533,0.412437094608322
"401",1000,0.0241822804943176,0.52457251958549
"402",1000,-1.66415646179943,0.671394053846598
"403",1000,1.1207473002747,0.438662051223218
"404",1000,0.0134113689469775,0.293525020126253
"405",1000,0.517711391780586,0.400875077815726
"406",1000,-2.11341111710937,0.367021769052371
"407",1000,-0.314525505784248,0.633298059692606
"408",1000,-0.858088522455475,0.509282294893637
"409",1000,-0.54875246182388,0.616866293130443
"410",1000,0.589174098259515,0.878267492167652
"411",1000,-0.828369480039364,0.66267395275645
"412",1000,-0.192272326142136,0.521274167811498
"413",1000,-1.30708568239771,0.138176836073399
"414",1000,-0.136442558401261,0.754985376959667
"415",1000,-0.270736101131457,0.577369440114126
"416",1000,-0.809886680061208,0.397390662226826
"417",1000,-0.875001776301138,0.41915496182628
"418",1000,-0.350118231455725,0.846268643857911
"419",1000,-0.231777209480305,0.766656722407788
"420",1000,0.572569233746919,0.578885875176638
"421",1000,-0.156684857066099,0.344288830179721
"422",1000,-0.415039828245527,0.452888328814879
"423",1000,-1.53431458577883,0.703817991074175
"424",1000,0.46496575063069,0.60163838439621
"425",1000,0.66885966598125,0.585517114726827
"426",1000,-0.312964983735914,0.682987944921479
"427",1000,-1.04133276658594,0.139671210432425
"428",1000,0.809342656345914,0.825417299987748
"429",1000,0.216798378877374,0.257599731441587
"430",1000,-0.831409816954188,0.909522050293162
"431",1000,-1.42518513815793,0.804829677799717
"432",1000,-1.21254153291296,0.479792314348742
"433",1000,0.0259004848642845,0.0973915886133909
"434",1000,-0.639153894883887,0.618516620714217
"435",1000,-0.244750719862186,0.553792512742803
"436",1000,-0.618904789328455,0.4125507902354
"437",1000,-0.101653512197906,0.308221297338605
"438",1000,1.4437583428551,0.519427811494097
"439",1000,-0.853577482046312,0.619590016780421
"440",1000,0.31988742187737,0.714318134123459
"441",1000,-0.457352951349135,0.446094725979492
"442",1000,-1.12313375103745,0.345720892073587
"443",1000,-1.38432917569689,0.183008192107081
"444",1000,1.8208504317573,0.527382348431274
"445",1000,-0.0725239545608382,0.956424604402855
"446",1000,1.34851080797853,0.433981960872188
"447",1000,-0.0567340606906565,0.0666284058243036
"448",1000,1.69676781526617,0.742375042522326
"449",1000,-1.72625874217366,0.179954750230536
"450",1000,-0.051609352492694,0.858923735562712
"451",1000,-0.375439949025533,0.996566813439131
"452",1000,1.04510855693463,0.301756068365648
"453",1000,-0.622634366720178,0.809688100591302
"454",1000,-0.0246154810107909,0.897557077929378
"455",1000,0.906649648727105,0.737165277358145
"456",1000,-1.59295551242877,0.362522184150293
"457",1000,0.338417367495893,0.575979885645211
"458",1000,-0.16429598764365,0.447421832475811
"459",1000,0.180521631802885,0.312811949290335
"460",1000,-1.13627000174591,0.860943572595716
"461",1000,0.861001469683943,0.619451417587698
"462",1000,-0.327102491342285,0.745964395347983
"463",1000,0.0580473126909781,0.676231112098321
"464",1000,-1.29443789084996,0.863698305096477
"465",1000,1.20248888954757,0.14007506147027
"466",1000,0.605112367156218,0.934681843966246
"467",1000,0.145938134443829,0.617237429367378
"468",1000,0.437450318365991,0.678763648727909
"469",1000,0.00402526114415666,0.927552098408341
"470",1000,0.39493937408708,0.959073917241767
"471",1000,0.209495163686939,0.431634986540303
"472",1000,0.214731779180329,0.750637317774817
"473",1000,-0.136445350708091,0.472687653964385
"474",1000,-1.06837938047153,0.63884212099947
"475",1000,-1.43793287764864,0.50509961345233
"476",1000,0.0938320844644241,0.858744309982285
"477",1000,-0.414493910092025,0.856075650313869
"478",1000,1.22862014035862,0.187990704551339
"479",1000,0.222727551751523,0.693001989508048
"480",1000,0.42168214949475,0.0341931730508804
"481",1000,-1.29107404954135,0.905520369997248
"482",1000,1.96633834547035,0.646350213559344
"483",1000,0.991729413526553,0.762882195413113
"484",1000,0.124543916351894,0.349900134373456
"485",1000,2.46366641930455,0.864959510974586
"486",1000,-0.597770907638896,0.735761605435982
"487",1000,0.0726305118351738,0.997754160081968
"488",1000,0.680155847562073,0.19882054394111
"489",1000,2.22750426500132,0.775300569133833
"490",1000,1.07042363608614,0.407602977473289
"491",1000,-0.263720986053227,0.981549199437723
"492",1000,-0.0393908316443629,0.364933140343055
"493",1000,0.491983465462262,0.275352040538564
"494",1000,-2.36166241419653,0.17084181192331
"495",1000,0.118114624374604,0.507054205751047
"496",1000,0.376039509419788,0.723950839368626
"497",1000,-0.190564372670839,0.734546788269654
"498",1000,0.115598004423959,0.452404397772625
"499",1000,0.89542237463786,0.680830754339695
"500",1000,2.69176501565859,0.250908367335796
"501",1000,0.511150949217139,0.714820785680786
"502",1000,-2.325194932798,0.49786065495573
"503",1000,1.54387269201657,0.894903936190531
"504",1000,-1.23192330619962,0.193091050256044
"505",1000,1.63563346170301,0.0725289119873196
"506",1000,-0.908404422818429,0.542849639663473
"507",1000,1.72432472407383,0.098855659365654
"508",1000,1.67720866783112,0.739615506492555
"509",1000,0.317881506991014,0.397872436093166
"510",1000,-0.85155697427676,0.815149473259225
"511",1000,-0.927461964619176,0.310338358161971
"512",1000,-0.471402693449763,0.922158743487671
"513",1000,-1.37987028042694,0.219640481285751
"514",1000,-1.83979685481199,0.296568351099268
"515",1000,-0.299386107352431,0.442867719102651
"516",1000,1.01390029374771,0.16211362159811
"517",1000,2.06787755157993,0.288920242339373
"518",1000,-0.566562060215307,0.984174394514412
"519",1000,1.99467845547686,0.642265153583139
"520",1000,0.0461998806106032,0.929039476439357
"521",1000,-0.0466469605098923,0.440341049339622
"522",1000,-0.869421695750942,0.567384092602879
"523",1000,0.196436112810742,0.883253188570961
"524",1000,-2.07719269379693,0.777017114218324
"525",1000,-0.845681386848335,0.711909167468548
"526",1000,-1.14500655755373,0.204578129807487
"527",1000,-1.25802510494684,0.234803845174611
"528",1000,0.684743454188525,0.507363015087321
"529",1000,-0.771441646815132,0.943254627520218
"530",1000,-0.124535619345089,0.105930627556518
"531",1000,1.50569486467774,0.590893428074196
"532",1000,-0.267987200266473,0.786705718375742
"533",1000,2.88204169566471,0.76758277323097
"534",1000,-0.473201473291127,0.864531025290489
"535",1000,0.433866979279789,0.139004999538884
"536",1000,-0.383171529275022,0.440593677805737
"537",1000,-0.701222744226915,0.923629371216521
"538",1000,-0.251497544566141,0.468840738991275
"539",1000,0.638072703194416,0.488590948050842
"540",1000,-0.586113465024172,0.769567863084376
"541",1000,-0.966192761983786,0.0744822821579874
"542",1000,-0.699312306840386,0.0548660254571587
"543",1000,1.17918555354403,0.85202520666644
"544",1000,0.99204579766651,0.0531338630244136
"545",1000,-0.963935185097044,0.924294780008495
"546",1000,1.07022518901544,0.813805765006691
"547",1000,1.38934858484226,0.184923799708486
"548",1000,-0.0135589207197935,0.650413205381483
"549",1000,-1.09754127244917,0.164249565917999
"550",1000,0.997803764910269,0.398977071745321
"551",1000,-0.879530299049887,0.32139463769272
"552",1000,0.582824689640025,0.235083818202838
"553",1000,0.326821456411835,0.383610727265477
"554",1000,1.75684455402224,0.106880935141817
"555",1000,-0.193329425631105,0.0877132995519787
"556",1000,0.356110342350987,0.104479613015428
"557",1000,-1.07813208256352,0.634823740227148
"558",1000,0.881023625374065,0.393968235701323
"559",1000,-0.45272688655729,0.0615562251769006
"560",1000,0.754111716784988,0.69049098296091
"561",1000,-0.488657933011549,0.874322888907045
"562",1000,-0.680699098802388,0.521679090801626
"563",1000,0.432333985750676,0.282484616618603
"564",1000,-1.16082697705396,0.167502222815529
"565",1000,-1.21458065260816,0.429705970454961
"566",1000,2.5211832507732,0.405807215021923
"567",1000,-0.927548138185811,0.000472277868539095
"568",1000,1.11864487972296,0.7227698485367
"569",1000,1.07293563294745,0.584209278458729
"570",1000,-0.73022598131127,0.239226813893765
"571",1000,1.16708486517405,0.769701775861904
"572",1000,-1.44241398688096,0.0110311252065003
"573",1000,-0.483768619895982,0.779727326240391
"574",1000,-0.967957448635022,0.982366073876619
"575",1000,-0.00978194040880623,0.437430287944153
"576",1000,-0.0397365758347416,0.543939660070464
"577",1000,0.398330049055279,0.0284322630614042
"578",1000,2.08080024960636,0.785431354539469
"579",1000,0.956690032447262,0.249330602586269
"580",1000,-0.594748211222592,0.70846870332025
"581",1000,0.588449972095089,0.95643571857363
"582",1000,0.40140669966138,0.875105520477518
"583",1000,0.33153437983106,0.998803318710998
"584",1000,1.56912434235862,0.166504663182423
"585",1000,-0.510562712787659,0.120798686519265
"586",1000,0.344348590223308,0.400631880853325
"587",1000,1.9645654617517,0.0877395004499704
"588",1000,0.696371575877521,0.413827729178593
"589",1000,-1.40117685241104,0.464573551435024
"590",1000,0.232897789181733,0.834642315050587
"591",1000,-0.0858389232245231,0.734861079603434
"592",1000,2.7280720762818,0.760497303446755
"593",1000,-1.02302321892985,0.737460334086791
"594",1000,-2.0397719417605,0.831367282895371
"595",1000,0.357327831944979,0.765871246112511
"596",1000,1.73089428876537,0.201415411895141
"597",1000,-0.113724005039404,0.782329491572455
"598",1000,0.333020144824403,0.54904266865924
"599",1000,0.935984715549015,0.259574265219271
"600",1000,0.224543727502969,0.295962649164721
"601",1000,-1.46895321063202,0.638973216060549
"602",1000,0.106187592056502,0.43664086307399
"603",1000,0.28465234474446,0.209607035387307
"604",1000,0.575868361907601,0.401467288844287
"605",1000,0.655401790977404,0.52144496422261
"606",1000,0.0356084989972691,0.7873931506183
"607",1000,1.62950392254837,0.324982703197747
"608",1000,0.672536466509394,0.58926015230827
"609",1000,0.747832288291891,0.727551868883893
"610",1000,0.887150008477484,0.282279275590554
"611",1000,0.509464845025204,0.271210204577073
"612",1000,0.612404877127071,0.537296084919944
"613",1000,0.714105172511884,0.00945619377307594
"614",1000,1.03839854706331,0.102572604315355
"615",1000,-0.420069432688532,0.288771403254941
"616",1000,-0.207801775626345,0.486974098486826
"617",1000,1.41778306425498,0.69863722869195
"618",1000,0.694645690247301,0.656017081579193
"619",1000,-0.0227778343491472,0.473115669330582
"620",1000,-0.674268687823281,0.358492081984878
"621",1000,1.92325195374126,0.420810546027496
"622",1000,-1.08839218905024,0.933771318290383
"623",1000,-0.80297583672883,0.825936931185424
"624",1000,-0.0902498955085234,0.780757867963985
"625",1000,1.61615783827357,0.801715389592573
"626",1000,-1.22873937489433,0.427685463801026
"627",1000,1.25547891244091,0.984299047850072
"628",1000,-0.164451131102056,0.900179522577673
"629",1000,1.66643886715972,0.370498599484563
"630",1000,-0.330983051190821,0.932813421357423
"631",1000,0.452213007616502,0.47544765449129
"632",1000,-1.26640934542783,0.820654718205333
"633",1000,-0.417456038934339,0.712787187891081
"634",1000,1.76516211108676,0.266436896054074
"635",1000,-0.0713389641121181,0.753837324213237
"636",1000,-0.208343902366889,0.911624672356993
"637",1000,1.06686156071569,0.913657900178805
"638",1000,0.902349448088118,0.774910737061873
"639",1000,0.174097543775639,0.834191390546039
"640",1000,-0.959303017483859,0.956188689917326
"641",1000,0.513778476207575,0.266379506560043
"642",1000,-0.938428763127626,0.791791770141572
"643",1000,-0.0236920561059063,0.369987873593345
"644",1000,1.13124810730831,0.946892045903951
"645",1000,-0.959078014320823,0.0352011569775641
"646",1000,0.686851401696565,0.08758818753995
"647",1000,2.03544578997748,0.110820265486836
"648",1000,-1.59800536765867,0.860117451986298
"649",1000,-1.37851288280606,0.11553629534319
"650",1000,0.372727303447038,0.48296553757973
"651",1000,1.07749321566398,0.39045078936033
"652",1000,0.045634264883502,0.481353648472577
"653",1000,-0.483215264811361,0.595614451216534
"654",1000,-0.356031407682229,0.47887342935428
"655",1000,-2.44080050241667,0.684072744566947
"656",1000,1.43073047521318,0.858472734689713
"657",1000,-0.596406662145853,0.573452429845929
"658",1000,-0.992008672830206,0.746047390857711
"659",1000,0.174477628125296,0.208690555533394
"660",1000,0.258930306321512,0.0719103226438165
"661",1000,-2.49427301430018,0.5927941321861
"662",1000,0.350981243309095,0.436179050942883
"663",1000,-1.15620955211134,0.559945749351755
"664",1000,-1.51674398460171,0.392040697159246
"665",1000,0.0773835544649979,0.0394357270561159
"666",1000,0.636936907527387,0.905101115582511
"667",1000,-1.10570464617548,0.440520396921784
"668",1000,-2.02903068763131,0.998312809504569
"669",1000,2.66346729296356,0.816636885516346
"670",1000,-0.242268239140785,0.802685235394165
"671",1000,1.29584087314448,0.877352132694796
"672",1000,-0.270983320996674,0.745064515154809
"673",1000,-0.832528288812723,0.723439549095929
"674",1000,1.34017701558267,0.731143693905324
"675",1000,-0.164790241887551,0.807457681745291
"676",1000,0.689438621497006,0.451275310944766
"677",1000,0.522411280502004,0.0242061328608543
"678",1000,-0.21468988676767,0.711345999967307
"679",1000,-0.908323853147596,0.86132454010658
"680",1000,0.439167032783316,0.334155856864527
"681",1000,-0.516985524936274,0.668682049959898
"682",1000,-0.566907781815709,0.830102226231247
"683",1000,-0.988387015457119,0.287141868844628
"684",1000,0.706623627712886,0.593361334176734
"685",1000,-0.580126463096733,0.005181894171983
"686",1000,0.0850397943436671,0.203083265572786
"687",1000,-0.836014142452663,0.472532118670642
"688",1000,2.4917707971325,0.974128005793318
"689",1000,1.30058958263577,0.796944925328717
"690",1000,-2.907246692004,0.936375742545351
"691",1000,1.34667002352302,0.602261537220329
"692",1000,-0.0852072142189313,0.166191923664883
"693",1000,1.20254745065605,0.833316562930122
"694",1000,-1.25412220052266,0.114820660091937
"695",1000,-0.482030418649942,0.812527047935873
"696",1000,1.13012496850849,0.711955424631014
"697",1000,1.13246897454889,0.530222889967263
"698",1000,-1.13079620204011,0.456873614573851
"699",1000,-1.14703276240833,0.624303550925106
"700",1000,-1.65134277382975,0.474564769072458
"701",1000,0.165440163811468,0.473815211094916
"702",1000,0.521685244941339,0.157299940707162
"703",1000,0.721863881845328,0.611357394140214
"704",1000,-1.62711277403097,0.335501548368484
"705",1000,-0.339298787730569,0.658922767732292
"706",1000,0.334959958529821,0.734378682915121
"707",1000,0.442981524316959,0.833162216702476
"708",1000,-0.822592477967877,0.377618479775265
"709",1000,0.333491380839786,0.681601501768455
"710",1000,1.32350467222164,0.0187851972877979
"711",1000,1.53948426047991,0.0386997158639133
"712",1000,-0.704093528911613,0.853065947536379
"713",1000,-0.497854147871159,0.615682236617431
"714",1000,-0.0636016292827685,0.750022795284167
"715",1000,1.97520958578888,0.346571229863912
"716",1000,-1.15706298806356,0.163933289935812
"717",1000,1.34275543388013,0.144719993928447
"718",1000,-0.472764538104834,0.184864161303267
"719",1000,-0.281523219885156,0.573481481289491
"720",1000,-0.216470994785161,0.611855841707438
"721",1000,0.832510785610685,0.357170993462205
"722",1000,-1.81005187544054,0.460399260977283
"723",1000,0.713178667125115,0.697019789833575
"724",1000,-0.964907649949187,0.941591339651495
"725",1000,1.79601059853962,0.640790995210409
"726",1000,0.0317465591489824,0.311255830805749
"727",1000,-1.08425245843879,0.290440930519253
"728",1000,1.8680130842919,0.632474692072719
"729",1000,-0.847716505585911,0.862238543340936
"730",1000,-1.42423882032977,0.359736347571015
"731",1000,-0.662762222951665,0.538857818115503
"732",1000,0.408779328207946,0.517156948568299
"733",1000,-2.34898413845619,0.769362826598808
"734",1000,-0.982796563370017,0.597250357968733
"735",1000,2.65898736802335,0.0410641762427986
"736",1000,-0.241074789238146,0.0760311938356608
"737",1000,0.795814176480895,0.815899520879611
"738",1000,-0.368272168966722,0.751001338474452
"739",1000,0.231696102012167,0.889478133060038
"740",1000,-0.105906264096379,0.530143608571962
"741",1000,-0.677204959209946,0.237779701361433
"742",1000,0.317376161774287,0.945439002942294
"743",1000,0.981185860107511,0.933293477166444
"744",1000,1.40173803057859,0.76229196973145
"745",1000,1.62740204357849,0.818501322297379
"746",1000,-0.443231969320493,0.496852066833526
"747",1000,-1.52480600463466,0.211164737585932
"748",1000,0.0990230242896794,0.348161765141413
"749",1000,-2.08512596490289,0.424447480589151
"750",1000,-0.308646588439997,0.37009678222239
"751",1000,-0.237002852150684,0.473759528715163
"752",1000,-1.73334691764857,0.902013253653422
"753",1000,-0.864108556226444,0.575905557256192
"754",1000,-1.10901519834343,0.953334051184356
"755",1000,0.608003850130992,0.134213412413374
"756",1000,-0.610306155323791,0.982569269370288
"757",1000,-2.77187536176613,0.877270486904308
"758",1000,-0.67537298984504,0.221507116220891
"759",1000,-0.135357586675112,0.942057865438983
"760",1000,-1.30710625822017,0.555637337965891
"761",1000,1.69422566769157,0.319213963812217
"762",1000,1.97310803186392,0.942544964374974
"763",1000,-0.766409127435561,0.141126232920215
"764",1000,0.397357727171319,0.381622111191973
"765",1000,1.22797693265687,0.519019446102902
"766",1000,-0.4069807084078,0.393961627501994
"767",1000,1.88518871425515,0.903899523662403
"768",1000,-0.211943704237875,0.244789880234748
"769",1000,1.82162035976257,0.732269471278414
"770",1000,1.14510247183845,0.217649023747072
"771",1000,1.29374592396253,0.0815842289011925
"772",1000,0.105200568128334,0.477498742053285
"773",1000,1.38006679165575,0.99007981037721
"774",1000,-0.0333557361290855,0.491234358865768
"775",1000,-0.145433893896118,0.870550500927493
"776",1000,-1.07102496292292,0.668969673104584
"777",1000,1.38536807059865,0.126068454934284
"778",1000,-1.27935578618638,0.204022323014215
"779",1000,-0.394860497116005,0.370673885568976
"780",1000,-1.01701306835203,0.143553787842393
"781",1000,-0.426507995511711,0.526167979231104
"782",1000,-1.47962821299204,0.152246814686805
"783",1000,-1.51530386909561,0.481039420934394
"784",1000,-0.535502450432916,0.981103260768577
"785",1000,-0.617098365270866,0.580054006306455
"786",1000,-0.890109173624342,0.243355631129816
"787",1000,0.271336733637386,0.360570553457364
"788",1000,0.230176003316084,0.19952039164491
"789",1000,0.426922838551482,0.868288540281355
"790",1000,0.284991286859058,0.889212961075827
"791",1000,-0.147841026995599,0.925741861341521
"792",1000,0.194727134458699,0.754361932864413
"793",1000,-0.108427834571879,0.437485467409715
"794",1000,-1.23107506346448,0.651566072134301
"795",1000,-0.589513700525787,0.17309101158753
"796",1000,-0.446306557249901,0.7610453015659
"797",1000,-3.58786011031068,0.210929312743247
"798",1000,1.23323164608995,0.454275264870375
"799",1000,0.534156408210282,0.0891655653249472
"800",1000,-1.40626755005158,0.88967650779523
"801",1000,0.526728789649089,0.604657667223364
"802",1000,-0.447687746535983,0.0101496824063361
"803",1000,0.0344834002012821,0.354187506716698
"804",1000,-0.124035727623149,0.792817760026082
"805",1000,-1.77898425322523,0.330582966562361
"806",1000,-0.545819723468682,0.795017738593742
"807",1000,0.0938409757761141,0.33978402428329
"808",1000,0.50278647142708,0.952847494743764
"809",1000,-0.0827403530678907,0.690369805321097
"810",1000,-0.112461087517623,0.634972757659853
"811",1000,0.121532393034876,0.395222916733474
"812",1000,-0.416709936484915,0.612426382955164
"813",1000,-0.566079078110827,0.53781389631331
"814",1000,-1.04670701352288,0.370564098935574
"815",1000,-1.07124926955735,0.751678363187239
"816",1000,0.704227689735622,0.15924021997489
"817",1000,-0.675199298926648,0.0213183830492198
"818",1000,0.564732363572167,0.644555382663384
"819",1000,-0.476999913315768,0.585119410185143
"820",1000,-1.44928866197045,0.802363323746249
"821",1000,-0.518111637560342,0.422384965466335
"822",1000,-0.220723950004016,0.476238855859265
"823",1000,0.0590308133403406,0.570443939417601
"824",1000,-1.04987053755471,0.246002915548161
"825",1000,0.775757993642339,0.106465206015855
"826",1000,0.193827054151108,0.7963677207008
"827",1000,-0.164541745624395,0.257263289997354
"828",1000,-0.425682512777719,0.578526380937546
"829",1000,-1.16697572218557,0.745553792221472
"830",1000,-0.486323917196239,0.957415067823604
"831",1000,-0.0261822585138881,0.236227048560977
"832",1000,1.12647752285885,0.188193840906024
"833",1000,-0.0557069312344224,0.518687624484301
"834",1000,1.50812002265602,0.669326233444735
"835",1000,1.44473064263636,0.000308121787384152
"836",1000,-0.471751894425384,0.268058706074953
"837",1000,-0.106707652836053,0.832919638138264
"838",1000,-0.943346249439616,0.499545252416283
"839",1000,0.172761554336976,0.416352418716997
"840",1000,-0.502029144157312,0.739868360105902
"841",1000,-1.24339255709918,0.845092228380963
"842",1000,1.08966123133979,0.305395100964233
"843",1000,0.589649472131862,0.517064114799723
"844",1000,-0.364970346403507,0.536306118825451
"845",1000,-0.680095827345206,0.968871242599562
"846",1000,-0.138822078170812,0.795329588698223
"847",1000,0.969018463063458,0.165037719765678
"848",1000,0.77083696796445,0.613658209331334
"849",1000,1.51807405982924,0.0710618917364627
"850",1000,0.53362594818705,0.910239499993622
"851",1000,0.264289010264171,0.80261222156696
"852",1000,-1.05224155262984,0.714349504327402
"853",1000,-0.595567563498506,0.69310076162219
"854",1000,0.51561943670244,0.255403829738498
"855",1000,-0.574607201859299,0.0713377613574266
"856",1000,-1.53525682693913,0.157594376709312
"857",1000,-2.24165713680538,0.27612061589025
"858",1000,-0.639385622685329,0.865385821321979
"859",1000,-2.16632329957532,0.139920980203897
"860",1000,1.80278578222874,0.616818268317729
"861",1000,-0.111144668172535,0.0890936262439936
"862",1000,-0.483022285059463,0.660350821213797
"863",1000,-0.109199444768004,0.461953597608954
"864",1000,-1.96867444197242,0.806082312949002
"865",1000,0.714877461396137,0.651431166101247
"866",1000,0.384897079266954,0.0788252605125308
"867",1000,-0.576879089011097,0.736531469039619
"868",1000,0.632136785754076,0.301485408330336
"869",1000,0.509799650805916,0.788843703689054
"870",1000,-1.19364863120808,0.591012811521068
"871",1000,-1.48946968495355,0.813846581848338
"872",1000,1.02288945429108,0.0591711516026407
"873",1000,1.37176762936556,0.369281698018312
"874",1000,-0.349072514839368,0.0757246688008308
"875",1000,0.164745779416628,0.0143758656922728
"876",1000,-0.33694592850791,0.910949702141806
"877",1000,-0.443806596476991,0.803123093908653
"878",1000,1.52048106316576,0.534097753698006
"879",1000,-0.623399806942142,0.469243813538924
"880",1000,-2.44773993568982,0.0600112010724843
"881",1000,-0.118402824813603,0.567762084305286
"882",1000,1.86194426675228,0.486354830674827
"883",1000,0.194538354666721,0.77960456116125
"884",1000,1.80703619158701,0.67246841872111
"885",1000,0.411511738090268,0.341739008203149
"886",1000,0.667063824420067,0.387308626435697
"887",1000,0.996472553580074,0.936203394317999
"888",1000,-0.824142059750262,0.325366331031546
"889",1000,-0.353403954088301,0.533537036040798
"890",1000,0.86025385468375,0.526860510930419
"891",1000,0.714886709755427,0.592566472478211
"892",1000,1.09477367105025,0.162698017898947
"893",1000,-0.317551041211954,0.4388037242461
"894",1000,-0.78020577218337,0.910670108394697
"895",1000,-0.18937774221638,0.0749674441758543
"896",1000,0.00538293283059436,0.541784998495132
"897",1000,0.263824670767987,0.785892359213904
"898",1000,0.690688471111204,0.696771656163037
"899",1000,0.149775003753865,0.63046980346553
"900",1000,0.84357682480826,0.983058514073491
"901",1000,-0.286247163387764,0.816563287517056
"902",1000,-0.758365448442766,0.453070230316371
"903",1000,-0.65244329467004,0.075782073661685
"904",1000,-0.378630594634101,0.205909124808386
"905",1000,2.99655816679562,0.0703856055624783
"906",1000,-0.0244087370885936,0.44153086678125
"907",1000,-2.35245868272482,0.999878624919802
"908",1000,0.950872323007722,0.80153982504271
"909",1000,-1.66525616590142,0.0108915001619607
"910",1000,-1.69410927308842,0.553526004543528
"911",1000,-0.578821595575144,0.328277624445036
"912",1000,-0.966294343728906,0.13917701668106
"913",1000,2.00022105035062,0.907586185960099
"914",1000,-0.304210060311415,0.264712042408064
"915",1000,0.549465874884005,0.107593959895894
"916",1000,-1.68932428244554,0.985173987690359
"917",1000,1.3110767184062,0.815105776535347
"918",1000,0.960766952105958,0.340624549193308
"919",1000,0.979242682889938,0.168276284821332
"920",1000,1.14630848160666,0.272134418366477
"921",1000,-0.580472670964487,0.863763684639707
"922",1000,-0.834706964807537,0.160389308119193
"923",1000,0.509109975682383,0.0923147753346711
"924",1000,-0.770303182374042,0.0258705832529813
"925",1000,0.446159101618559,0.454765397123992
"926",1000,-0.513640090971289,0.82371476246044
"927",1000,-0.808953076299658,0.973308343207464
"928",1000,-1.25434750780567,0.42350131389685
"929",1000,0.508214097907466,0.132422018330544
"930",1000,-0.175343673122523,0.151366787496954
"931",1000,0.126077573700659,0.632066831225529
"932",1000,0.0524677488746487,0.914931725012138
"933",1000,-0.101210332678819,0.299791755853221
"934",1000,-0.30702309283945,0.316883249906823
"935",1000,-0.485264250152909,0.64213013346307
"936",1000,-1.47258452359675,0.637483031721786
"937",1000,0.0733088361856307,0.380154496990144
"938",1000,-0.774044102570356,0.376292810309678
"939",1000,-0.715189174138381,0.561087579233572
"940",1000,-0.095185517438353,0.903326351195574
"941",1000,0.984319236320995,0.0337152064312249
"942",1000,0.540468229143021,0.13499196129851
"943",1000,0.92849341952859,0.231749407015741
"944",1000,-1.20397932295908,0.447462335927412
"945",1000,0.101985230066854,0.610304357483983
"946",1000,-1.21768786963425,0.761928659165278
"947",1000,1.121645125636,0.20930098532699
"948",1000,0.462333132732327,0.385627845535055
"949",1000,0.0335553848312716,0.03385667107068
"950",1000,1.1242260592978,0.874465683940798
"951",1000,0.68893094355869,0.694100413005799
"952",1000,-0.456456212281058,0.745949055068195
"953",1000,-1.23021931613264,0.898060999345034
"954",1000,1.26576043002929,0.658929678611457
"955",1000,-0.491944855752191,0.312828559428453
"956",1000,-0.99214476825115,0.81819082191214
"957",1000,0.6054319938665,0.839338020188734
"958",1000,0.550776827345428,0.516525214305148
"959",1000,1.09665039142693,0.905105668352917
"960",1000,-0.0431100839578301,0.83181203273125
"961",1000,-1.02598344719726,0.422411944251508
"962",1000,0.509747648078865,0.249231758993119
"963",1000,-0.570239254426468,0.623108346713707
"964",1000,-0.237753841324236,0.77029149979353
"965",1000,0.912797931786238,0.851155525771901
"966",1000,-1.5782112859084,0.0374203608371317
"967",1000,0.765000314600101,0.258095812285319
"968",1000,-1.00263251087492,0.0991430773865432
"969",1000,-0.219305750102331,0.533375920727849
"970",1000,-0.920809822647567,0.477141897426918
"971",1000,1.15384831001798,0.47235647495836
"972",1000,0.616019004599747,0.884303605183959
"973",1000,0.193770120879768,0.838416707003489
"974",1000,0.62655401757772,0.283401587279513
"975",1000,1.17998242209217,0.264599975198507
"976",1000,-0.117983726450984,0.119238957529888
"977",1000,-0.108679205885502,0.17967260372825
"978",1000,-0.104062951860179,0.962882215855643
"979",1000,-0.712394494086658,0.321182223502547
"980",1000,0.283961317124719,0.262118948856369
"981",1000,0.646422803987847,0.394350607180968
"982",1000,-0.27859786527978,0.244954430032521
"983",1000,2.12368806904375,0.237576912157238
"984",1000,-0.00686339917545005,0.710408966755494
"985",1000,0.361603051706217,0.494971376145259
"986",1000,-0.415237149463165,0.848188428441063
"987",1000,1.77201392557363,0.299780722940341
"988",1000,-0.652558306946626,0.433878230396658
"989",1000,0.131307419734844,0.155258196871728
"990",1000,0.959818745143409,0.234470916446298
"991",1000,0.697739230657663,0.684110100381076
"992",1000,-0.262259824671227,0.721755740232766
"993",1000,-1.47105793134232,0.283527882304043
"994",1000,0.619610156441993,0.386054716305807
"995",1000,1.57286511017297,0.611527690198272
"996",1000,-0.482401812203226,0.810874775052071
"997",1000,0.225996162993738,0.781654804944992
"998",1000,-1.56756599429975,0.781348217977211
"999",1000,-2.01198088497514,0.0148320682346821
"1000",1000,0.0773296172046624,0.523702470818534
